date,date_lab,who_region,who_region_long,country,iso3,cases,confirmed_cases,severe_cases,deaths,cfr,prop_sev,cfr_ci_lower,cfr_ci_upper,prop_sev_ci_lower,prop_sev_ci_upper,cases_for_analysis,previous_cases,case_growth,rolling_3m,risk_score,risk_level
2023-12-01,Dec 2023,AMR,Region of the Americas,Dominica,DMA,419.0,0.0,0.0,0.0,0.0,0.0,0.0,0.008765366447179068,0.0,0.008765366447179068,419.0,,419.0,419.0,3,MEDIUM
2024-08-01,Aug 2024,EMR,Eastern Mediterranean Region,Saudi Arabia,SAU,323.0,93.0,,0.0,0.0,,0.0,0.01135571102819322,,,323.0,320.0,0.009375,500.0,1,LOW
2025-04-01,Apr 2025,EUR,European Region,Autonomous Region of Madeira,MDR,0.0,0.0,0.0,0.0,,,0.0,1.0,0.0,1.0,0.0,0.0,0.0,0.0,0,LOW
2025-06-01,Jun 2025,WPR,Western Pacific Region,Viet Nam,VNM,4860.0,,,0.0,0.0,,0.0,0.0007587407048514538,,,4860.0,4792.0,0.014190317195325543,4102.0,3,MEDIUM
2025-11-01,Nov 2025,EUR,European Region,Mayotte,MYT,0.0,0.0,,0.0,,,0.0,1.0,,,0.0,0.0,0.0,0.0,0,LOW
2025-12-01,Dec 2025,WPR,Western Pacific Region,Guam,GUM,0.0,,,,,,,,,,0.0,0.0,0.0,0.0,0,LOW
2026-02-01,Feb 2026,WPR,Western Pacific Region,Solomon Islands,SLB,24.0,,,,,,,,,,24.0,20.0,0.2,20.0,1,LOW
2026-02-01,Feb 2026,WPR,Western Pacific Region,Tokelau,TKL,4.0,,,,,,,,,,4.0,0.0,4.0,1.3333333333333333,3,MEDIUM
2026-03-01,Mar 2026,WPR,Western Pacific Region,Fiji,FJI,284.0,,,,,,,,,,284.0,1039.0,-0.726660250240616,709.3333333333334,1,LOW
2026-03-01,Mar 2026,WPR,Western Pacific Region,Nauru,NRU,0.0,,,,,,,,,,0.0,0.0,0.0,0.0,0,LOW
2026-03-01,Mar 2026,WPR,Western Pacific Region,Niue,NIU,0.0,,,,,,,,,,0.0,0.0,0.0,0.0,0,LOW
2026-03-01,Mar 2026,WPR,Western Pacific Region,Tuvalu,TUV,0.0,,,,,,,,,,0.0,0.0,0.0,2.0,0,LOW
2026-04-01,Apr 2026,WPR,Western Pacific Region,Northern Mariana Islands (Commonwealth of the),MNP,0.0,,,,,,,,,,0.0,0.0,0.0,0.0,0,LOW
2026-04-01,Apr 2026,WPR,Western Pacific Region,Cook Islands,COK,8.0,,,0.0,0.0,,0.0,0.3694166475528192,,,8.0,159.0,-0.949685534591195,196.66666666666666,0,LOW
2026-04-01,Apr 2026,WPR,Western Pacific Region,Wallis and Futuna,WLF,2.0,,,0.0,0.0,,0.0,0.841886116991581,,,2.0,0.0,2.0,0.6666666666666666,3,MEDIUM
2026-04-01,Apr 2026,WPR,Western Pacific Region,Pitcairn Islands,PCN,0.0,,,,,,,,,,0.0,0.0,0.0,0.0,0,LOW
2026-04-01,Apr 2026,WPR,Western Pacific Region,Palau,PLW,0.0,,,,,,,,,,0.0,0.0,0.0,0.0,0,LOW
2026-04-01,Apr 2026,WPR,Western Pacific Region,Samoa,WSM,132.0,,,0.0,0.0,,0.0,0.02755917772345751,,,132.0,265.0,-0.5018867924528302,213.66666666666666,1,LOW
2026-04-01,Apr 2026,WPR,Western Pacific Region,Vanuatu,VUT,1.0,,,,,,,,,,1.0,0.0,1.0,0.3333333333333333,3,MEDIUM
2026-04-01,Apr 2026,WPR,Western Pacific Region,Micronesia (Federated States of),FSM,0.0,,,,,,,,,,0.0,0.0,0.0,0.0,0,LOW
2026-04-01,Apr 2026,WPR,Western Pacific Region,Kiribati,KIR,0.0,,,,,,,,,,0.0,0.0,0.0,1.3333333333333333,0,LOW
2026-04-01,Apr 2026,WPR,Western Pacific Region,Marshall Islands,MHL,0.0,,,,,,,,,,0.0,0.0,0.0,0.0,0,LOW
2026-04-01,Apr 2026,SEAR,South-East Asia Region,Maldives,MDV,641.0,601.0,3.0,2.0,0.0031201248049922,0.0046801872074883,0.0003780851952090434,0.01122512309298429,0.0009662090195587473,0.01361608345145937,641.0,596.0,0.07550335570469799,555.0,2,LOW
2026-04-01,Apr 2026,WPR,Western Pacific Region,French Polynesia,PYF,9.0,,0.0,0.0,0.0,0.0,0.0,0.3362671168799429,0.0,0.3362671168799429,9.0,2.0,3.5,6.0,4,MEDIUM
2026-05-01,May 2026,SEAR,South-East Asia Region,Sri Lanka,LKA,8602.0,,,5.0,0.0005812601720530109,,0.0001887596731168735,0.001355941637878376,,,8602.0,5662.0,0.5192511480042388,6760.0,5,MEDIUM
2026-05-01,May 2026,EMR,Eastern Mediterranean Region,Sudan,SDN,2738.0,851.0,6.0,0.0,0.0,0.002191380569758948,0.0,0.001346382605888313,0.0008046093460723574,0.004763566217095634,2738.0,2006.0,0.36490528414755735,3792.0,2,LOW
2026-05-01,May 2026,WPR,Western Pacific Region,Tonga,TON,7.0,,,0.0,0.0,,0.0,0.4096163972250034,,,7.0,50.0,-0.86,19.0,0,LOW
2026-05-01,May 2026,WPR,Western Pacific Region,New Caledonia,NCL,105.0,,0.0,0.0,0.0,0.0,0.0,0.03452221412650558,0.0,0.03452221412650558,105.0,835.0,-0.874251497005988,416.3333333333333,1,LOW
2026-06-01,Jun 2026,AFR,African Region,Central African Republic,CAF,0.0,0.0,,0.0,,,0.0,1.0,,,0.0,0.0,0.0,0.0,0,LOW
2026-06-01,Jun 2026,AMR,Region of the Americas,Costa Rica,CRI,446.0,271.0,0.0,0.0,0.0,0.0,0.0,0.008236919304941526,0.0,0.008236919304941526,446.0,299.0,0.4916387959866221,310.3333333333333,2,LOW
2026-06-01,Jun 2026,EUR,European Region,Slovenia,SVN,0.0,0.0,,0.0,,,0.0,1.0,,,0.0,0.0,0.0,0.0,0,LOW
2026-06-01,Jun 2026,AFR,African Region,Mozambique,MOZ,0.0,0.0,,0.0,,,0.0,1.0,,,0.0,0.0,0.0,0.0,0,LOW
2026-06-01,Jun 2026,AMR,Region of the Americas,Antigua and Barbuda,ATG,0.0,0.0,0.0,0.0,,,0.0,1.0,0.0,1.0,0.0,0.0,0.0,0.0,0,LOW
2026-06-01,Jun 2026,AFR,African Region,Zambia,ZMB,0.0,0.0,,0.0,,,0.0,1.0,,,0.0,0.0,0.0,0.0,0,LOW
2026-06-01,Jun 2026,AMR,Region of the Americas,United States of America,USA,30.0,30.0,0.0,0.0,0.0,0.0,0.0,0.1157033082220278,0.0,0.1157033082220278,30.0,15.0,1.0,22.666666666666668,3,MEDIUM
2026-06-01,Jun 2026,AFR,African Region,Democratic Republic of the Congo,COD,0.0,0.0,,0.0,,,0.0,1.0,,,0.0,0.0,0.0,0.0,0,LOW
2026-06-01,Jun 2026,EUR,European Region,Armenia,ARM,0.0,0.0,,0.0,,,0.0,1.0,,,0.0,0.0,0.0,0.0,0,LOW
2026-06-01,Jun 2026,EMR,Eastern Mediterranean Region,Iran (Islamic Republic of),IRN,2647.0,409.0,0.0,0.0,0.0,0.0,0.0,0.001392637031520993,0.0,0.001392637031520993,2647.0,1549.0,0.7088444157520981,1555.3333333333333,4,MEDIUM
2026-06-01,Jun 2026,AFR,African Region,Uganda,UGA,0.0,0.0,,0.0,,,0.0,1.0,,,0.0,0.0,0.0,0.0,0,LOW
2026-06-01,Jun 2026,AFR,African Region,United Republic of Tanzania,TZA,128.0,0.0,,0.0,0.0,,0.0,0.02840805344354391,,,128.0,9.0,13.222222222222221,46.333333333333336,5,MEDIUM
2026-06-01,Jun 2026,EUR,European Region,Slovakia,SVK,0.0,0.0,,0.0,,,0.0,1.0,,,0.0,0.0,0.0,0.0,0,LOW
2026-06-01,Jun 2026,AMR,Region of the Americas,Guyana,GUY,0.0,1254.0,0.0,0.0,,,0.0,1.0,0.0,1.0,0.0,3811.0,-1.0,3872.6666666666665,0,LOW
2026-06-01,Jun 2026,AFR,African Region,Côte d'Ivoire,CIV,75.0,0.0,,0.0,0.0,,0.0,0.0479950640551422,,,75.0,21.0,2.5714285714285716,40.0,4,MEDIUM
2026-06-01,Jun 2026,AMR,Region of the Americas,Argentina,ARG,3.0,4.0,0.0,0.0,0.0,0.0,0.0,0.7075982261787133,0.0,0.7075982261787133,3.0,3.0,0.0,8.333333333333334,0,LOW
2026-06-01,Jun 2026,EUR,European Region,Norway,NOR,0.0,0.0,,0.0,,,0.0,1.0,,,0.0,0.0,0.0,0.0,0,LOW
2026-06-01,Jun 2026,EUR,European Region,Sweden,SWE,0.0,0.0,,0.0,,,0.0,1.0,,,0.0,0.0,0.0,0.0,0,LOW
2026-06-01,Jun 2026,EUR,European Region,Kazakhstan,KAZ,0.0,0.0,,0.0,,,0.0,1.0,,,0.0,0.0,0.0,0.0,0,LOW
2026-06-01,Jun 2026,SEAR,South-East Asia Region,India,IND,6625.0,6625.0,,12.0,0.001811320754716981,,0.0009362751232218697,0.003161872937492965,,,6625.0,3747.0,0.7680811315719243,4430.0,5,MEDIUM
2026-06-01,Jun 2026,EUR,European Region,Netherlands (Kingdom of the),NLD,0.0,0.0,,0.0,,,0.0,1.0,,,0.0,0.0,0.0,0.0,0,LOW
2026-06-01,Jun 2026,EUR,European Region,Albania,ALB,0.0,0.0,,0.0,,,0.0,1.0,,,0.0,0.0,0.0,0.0,0,LOW
2026-06-01,Jun 2026,EUR,European Region,Czechia,CZE,0.0,0.0,,0.0,,,0.0,1.0,,,0.0,0.0,0.0,0.0,0,LOW
2026-06-01,Jun 2026,SEAR,South-East Asia Region,Nepal,NPL,292.0,292.0,,0.0,0.0,,0.0,0.01255368556662673,,,292.0,247.0,0.18218623481781376,252.33333333333334,2,LOW
2026-06-01,Jun 2026,AMR,Region of the Americas,Honduras,HND,720.0,62.0,11.0,0.0,0.0,0.01527777777777778,0.0,0.005110341234774114,0.007650637796442627,0.02717142890725399,720.0,830.0,-0.13253012048192772,781.0,1,LOW
2026-06-01,Jun 2026,EUR,European Region,Ukraine,UKR,0.0,0.0,,0.0,,,0.0,1.0,,,0.0,0.0,0.0,0.0,0,LOW
2026-06-01,Jun 2026,AFR,African Region,Namibia,NAM,0.0,0.0,,0.0,,,0.0,1.0,,,0.0,0.0,0.0,0.0,0,LOW
2026-06-01,Jun 2026,AFR,African Region,South Sudan,SSD,0.0,0.0,,0.0,,,0.0,1.0,,,0.0,0.0,0.0,0.0,0,LOW
2026-06-01,Jun 2026,EUR,European Region,Türkiye,TUR,0.0,0.0,,0.0,,,0.0,1.0,,,0.0,0.0,0.0,0.0,0,LOW
2026-06-01,Jun 2026,EMR,Eastern Mediterranean Region,Pakistan,PAK,1171.0,89.0,,,,,,,,,1171.0,1949.0,-0.3991790661877886,1579.3333333333333,2,LOW
2026-06-01,Jun 2026,EUR,European Region,Andorra,AND,0.0,0.0,,0.0,,,0.0,1.0,,,0.0,0.0,0.0,0.0,0,LOW
2026-06-01,Jun 2026,EUR,European Region,Ireland,IRL,0.0,0.0,,0.0,,,0.0,1.0,,,0.0,0.0,0.0,0.0,0,LOW
2026-06-01,Jun 2026,AMR,Region of the Americas,Colombia,COL,8436.0,5421.0,76.0,2.0,0.0002370791844476055,0.009009009009009009,2.871267876812819e-05,0.0008561463694271477,0.007104454353250131,0.01126331786872092,8436.0,8589.0,-0.01781348236115962,8921.0,3,MEDIUM
2026-06-01,Jun 2026,AFR,African Region,Nigeria,NGA,0.0,0.0,,0.0,,,0.0,1.0,,,0.0,0.0,0.0,0.0,0,LOW
2026-06-01,Jun 2026,EUR,European Region,Spain,ESP,0.0,0.0,,0.0,,,0.0,1.0,,,0.0,0.0,0.0,0.0,0,LOW
2026-06-01,Jun 2026,EUR,European Region,Hungary,HUN,0.0,0.0,,0.0,,,0.0,1.0,,,0.0,0.0,0.0,0.0,0,LOW
2026-06-01,Jun 2026,EUR,European Region,Switzerland,CHE,0.0,0.0,,0.0,,,0.0,1.0,,,0.0,0.0,0.0,0.0,0,LOW
2026-06-01,Jun 2026,WPR,Western Pacific Region,China,CHN,255.0,,,,,,,,,,255.0,222.0,0.14864864864864866,204.66666666666666,2,LOW
2026-06-01,Jun 2026,EUR,European Region,Tajikistan,TJK,0.0,0.0,,0.0,,,0.0,1.0,,,0.0,0.0,0.0,0.0,0,LOW
2026-06-01,Jun 2026,EUR,European Region,North Macedonia,MKD,0.0,0.0,,0.0,,,0.0,1.0,,,0.0,0.0,0.0,0.0,0,LOW
2026-06-01,Jun 2026,EUR,European Region,Israel,ISR,0.0,0.0,,0.0,,,0.0,1.0,,,0.0,0.0,0.0,0.0,0,LOW
2026-06-01,Jun 2026,AFR,African Region,Niger,NER,0.0,0.0,,0.0,,,0.0,1.0,,,0.0,0.0,0.0,0.0,0,LOW
2026-06-01,Jun 2026,AFR,African Region,Chad,TCD,0.0,0.0,,0.0,,,0.0,1.0,,,0.0,9.0,-1.0,3.0,0,LOW
2026-06-01,Jun 2026,AMR,Region of the Americas,Venezuela (Bolivarian Republic of),VEN,1090.0,39.0,4.0,1.0,0.0009174311926605505,0.003669724770642202,2.322707702184734e-05,0.005100892862227242,0.001000753917289674,0.00936908049746843,1090.0,1002.0,0.08782435129740519,1077.6666666666667,3,MEDIUM
2026-06-01,Jun 2026,AFR,African Region,Congo,COG,0.0,0.0,,0.0,,,0.0,1.0,,,0.0,0.0,0.0,0.0,0,LOW
2026-06-01,Jun 2026,AFR,African Region,Togo,TGO,0.0,0.0,,0.0,,,0.0,1.0,,,0.0,0.0,0.0,0.0,0,LOW
2026-06-01,Jun 2026,EUR,European Region,Holy See,VAT,0.0,0.0,,0.0,,,0.0,1.0,,,0.0,0.0,0.0,0.0,0,LOW
2026-06-01,Jun 2026,EUR,European Region,United Kingdom of Great Britain and Northern Ireland,GBR,0.0,0.0,,0.0,,,0.0,1.0,,,0.0,0.0,0.0,0.0,0,LOW
2026-06-01,Jun 2026,AFR,African Region,Angola,AGO,50.0,0.0,,0.0,0.0,,0.0,0.07112173646419762,,,50.0,43.0,0.16279069767441862,31.0,1,LOW
2026-06-01,Jun 2026,EMR,Eastern Mediterranean Region,Afghanistan,AFG,255.0,,,0.0,0.0,,0.0,0.01436206129326989,,,255.0,224.0,0.13839285714285715,241.66666666666666,2,LOW
2026-06-01,Jun 2026,SEAR,South-East Asia Region,Myanmar,MMR,866.0,866.0,,3.0,0.003464203233256351,,0.0007149725408960526,0.01009021004043908,,,866.0,380.0,1.2789473684210526,476.6666666666667,4,MEDIUM
2026-06-01,Jun 2026,EUR,European Region,Cyprus,CYP,0.0,0.0,,0.0,,,0.0,1.0,,,0.0,0.0,0.0,0.0,0,LOW
2026-06-01,Jun 2026,EUR,European Region,Italy,ITA,0.0,0.0,,0.0,,,0.0,1.0,,,0.0,0.0,0.0,0.0,0,LOW
2026-06-01,Jun 2026,EUR,European Region,Croatia,HRV,0.0,0.0,,0.0,,,0.0,1.0,,,0.0,0.0,0.0,0.0,0,LOW
2026-06-01,Jun 2026,AFR,African Region,South Africa,ZAF,0.0,0.0,,0.0,,,0.0,1.0,,,0.0,0.0,0.0,0.0,0,LOW
2026-06-01,Jun 2026,AMR,Region of the Americas,Chile,CHL,0.0,0.0,0.0,0.0,,,0.0,1.0,0.0,1.0,0.0,10.0,-1.0,4.333333333333333,0,LOW
2026-06-01,Jun 2026,AFR,African Region,Comoros,COM,4.0,0.0,,0.0,0.0,,0.0,0.6023646356164746,,,4.0,0.0,4.0,6.333333333333333,2,LOW
2026-06-01,Jun 2026,AMR,Region of the Americas,Anguilla,AIA,0.0,0.0,0.0,0.0,,,0.0,1.0,0.0,1.0,0.0,0.0,0.0,0.0,0,LOW
2026-06-01,Jun 2026,EUR,European Region,Iceland,ISL,0.0,0.0,,0.0,,,0.0,1.0,,,0.0,0.0,0.0,0.0,0,LOW
2026-06-01,Jun 2026,EUR,European Region,Uzbekistan,UZB,0.0,0.0,,0.0,,,0.0,1.0,,,0.0,0.0,0.0,0.0,0,LOW
2026-06-01,Jun 2026,AFR,African Region,Kenya,KEN,1102.0,0.0,,0.0,0.0,,0.0,0.003341844088270559,,,1102.0,2088.0,-0.4722222222222222,1498.0,2,LOW
2026-06-01,Jun 2026,AFR,African Region,Gabon,GAB,0.0,0.0,,0.0,,,0.0,1.0,,,0.0,0.0,0.0,0.0,0,LOW
2026-06-01,Jun 2026,AMR,Region of the Americas,Uruguay,URY,0.0,0.0,0.0,0.0,,,0.0,1.0,0.0,1.0,0.0,0.0,0.0,0.0,0,LOW
2026-06-01,Jun 2026,AMR,Region of the Americas,Trinidad and Tobago,TTO,11.0,0.0,0.0,0.0,0.0,0.0,0.0,0.2849141529181544,0.0,0.2849141529181544,11.0,0.0,11.0,8.333333333333334,3,MEDIUM
2026-06-01,Jun 2026,AFR,African Region,Gambia,GMB,0.0,0.0,,0.0,,,0.0,1.0,,,0.0,0.0,0.0,0.0,0,LOW
2026-06-01,Jun 2026,AFR,African Region,Benin,BEN,25.0,0.0,,3.0,0.12,,0.02546539664773322,0.3121903072862354,,,25.0,1.0,24.0,9.666666666666666,4,MEDIUM
2026-06-01,Jun 2026,EUR,European Region,Luxembourg,LUX,0.0,0.0,,0.0,,,0.0,1.0,,,0.0,0.0,0.0,0.0,0,LOW
2026-06-01,Jun 2026,AFR,African Region,Eswatini,SWZ,0.0,0.0,,0.0,,,0.0,1.0,,,0.0,0.0,0.0,0.0,0,LOW
2026-06-01,Jun 2026,AMR,Region of the Americas,Brazil,BRA,102772.0,22742.0,45.0,16.0,0.0001556844276651228,0.0004378624528081578,8.898963688457173e-05,0.0002528094776114875,0.0003193972469209423,0.0005858510439238609,102772.0,173478.0,-0.40757905901612884,181993.0,3,MEDIUM
2026-06-01,Jun 2026,AMR,Region of the Americas,Saint Lucia,LCA,2.0,2.0,0.0,0.0,0.0,0.0,0.0,0.841886116991581,0.0,0.841886116991581,2.0,0.0,2.0,0.6666666666666666,3,MEDIUM
2026-06-01,Jun 2026,EUR,European Region,Portugal,PRT,0.0,0.0,,0.0,,,0.0,1.0,,,0.0,0.0,0.0,0.0,0,LOW
2026-06-01,Jun 2026,EUR,European Region,Estonia,EST,0.0,0.0,,0.0,,,0.0,1.0,,,0.0,0.0,0.0,0.0,0,LOW
2026-06-01,Jun 2026,EUR,European Region,Georgia,GEO,0.0,0.0,,0.0,,,0.0,1.0,,,0.0,0.0,0.0,0.0,0,LOW
2026-06-01,Jun 2026,EUR,European Region,Lithuania,LTU,0.0,0.0,,0.0,,,0.0,1.0,,,0.0,0.0,0.0,0.0,0,LOW
2026-06-01,Jun 2026,EUR,European Region,Poland,POL,0.0,0.0,,0.0,,,0.0,1.0,,,0.0,0.0,0.0,0.0,0,LOW
2026-06-01,Jun 2026,EUR,European Region,Belgium,BEL,0.0,0.0,,0.0,,,0.0,1.0,,,0.0,0.0,0.0,0.0,0,LOW
2026-06-01,Jun 2026,EUR,European Region,Germany,DEU,0.0,0.0,,0.0,,,0.0,1.0,,,0.0,0.0,0.0,0.0,0,LOW
2026-06-01,Jun 2026,AMR,Region of the Americas,Puerto Rico,PRI,57.0,32.0,0.0,0.0,0.0,0.0,0.0,0.06266748091448493,0.0,0.06266748091448493,57.0,104.0,-0.4519230769230769,98.33333333333333,0,LOW
2026-06-01,Jun 2026,AFR,African Region,Madagascar,MDG,0.0,0.0,,0.0,,,0.0,1.0,,,0.0,0.0,0.0,0.0,0,LOW
2026-06-01,Jun 2026,EUR,European Region,Romania,ROU,0.0,0.0,,0.0,,,0.0,1.0,,,0.0,0.0,0.0,0.0,0,LOW
2026-06-01,Jun 2026,EUR,European Region,Finland,FIN,0.0,0.0,,0.0,,,0.0,1.0,,,0.0,0.0,0.0,0.0,0,LOW
2026-06-01,Jun 2026,AFR,African Region,Mali,MLI,230.0,36.0,,0.0,0.0,,0.0,0.01591067274776681,,,230.0,274.0,-0.16058394160583941,269.0,1,LOW
2026-06-01,Jun 2026,EUR,European Region,Turkmenistan,TKM,0.0,0.0,,0.0,,,0.0,1.0,,,0.0,0.0,0.0,0.0,0,LOW
2026-06-01,Jun 2026,EUR,European Region,Republic of Moldova,MDA,0.0,0.0,,0.0,,,0.0,1.0,,,0.0,0.0,0.0,0.0,0,LOW
2026-06-01,Jun 2026,EUR,European Region,Russian Federation,RUS,0.0,0.0,,0.0,,,0.0,1.0,,,0.0,0.0,0.0,0.0,0,LOW
2026-06-01,Jun 2026,EUR,European Region,France,FRA,0.0,0.0,,0.0,,,0.0,1.0,,,0.0,0.0,0.0,0.0,0,LOW
2026-06-01,Jun 2026,AMR,Region of the Americas,Bolivia (Plurinational State of),BOL,628.0,15.0,15.0,0.0,0.0,0.02388535031847134,0.0,0.005856793591838336,0.01342865936334089,0.03908961511999631,628.0,3405.0,-0.8155653450807636,4923.666666666667,1,LOW
2026-06-01,Jun 2026,EUR,European Region,Bosnia and Herzegovina,BIH,0.0,0.0,,0.0,,,0.0,1.0,,,0.0,0.0,0.0,0.0,0,LOW
2026-06-01,Jun 2026,WPR,Western Pacific Region,Malaysia,MYS,4826.0,,,1.0,0.0002072109407376709,,5.246113048941239e-06,0.001153958788578398,,,4826.0,7343.0,-0.34277543238458397,6347.333333333333,2,LOW
2026-06-01,Jun 2026,EUR,European Region,Malta,MLT,0.0,0.0,,0.0,,,0.0,1.0,,,0.0,0.0,0.0,0.0,0,LOW
2026-06-01,Jun 2026,AFR,African Region,Rwanda,RWA,0.0,0.0,,0.0,,,0.0,1.0,,,0.0,0.0,0.0,0.0,0,LOW
2026-06-01,Jun 2026,AMR,Region of the Americas,United States Virgin Islands,VIR,0.0,0.0,0.0,0.0,,,0.0,1.0,0.0,1.0,0.0,0.0,0.0,0.0,0,LOW
2026-06-01,Jun 2026,AFR,African Region,Ethiopia,ETH,390.0,0.0,,0.0,0.0,,0.0,0.009414072798470507,,,390.0,801.0,-0.5131086142322098,632.0,1,LOW
2026-06-01,Jun 2026,AFR,African Region,Malawi,MWI,0.0,0.0,,0.0,,,0.0,1.0,,,0.0,0.0,0.0,0.0,0,LOW
2026-06-01,Jun 2026,EUR,European Region,Réunion,REU,16.0,16.0,,0.0,0.0,,0.0,0.2059072142078227,,,16.0,73.0,-0.7808219178082192,55.0,0,LOW
2026-06-01,Jun 2026,AFR,African Region,Botswana,BWA,0.0,0.0,,0.0,,,0.0,1.0,,,0.0,0.0,0.0,0.0,0,LOW
2026-06-01,Jun 2026,SEAR,South-East Asia Region,Bhutan,BTN,7.0,0.0,0.0,0.0,0.0,0.0,0.0,0.4096163972250034,0.0,0.4096163972250034,7.0,11.0,-0.36363636363636365,7.333333333333333,0,LOW
2026-06-01,Jun 2026,SEAR,South-East Asia Region,Thailand,THA,3992.0,3992.0,1107.0,8.0,0.002004008016032064,0.2773046092184369,0.0008655730167567115,0.003944855937117355,0.2634594067463266,0.2914764603811373,3992.0,1782.0,1.2401795735129069,2478.3333333333335,5,MEDIUM
2026-06-01,Jun 2026,EUR,European Region,Liechtenstein,LIE,0.0,0.0,,0.0,,,0.0,1.0,,,0.0,0.0,0.0,0.0,0,LOW
2026-06-01,Jun 2026,AFR,African Region,Eritrea,ERI,15.0,0.0,,0.0,0.0,,0.0,0.218019360910534,,,15.0,0.0,15.0,13.0,3,MEDIUM
2026-06-01,Jun 2026,AMR,Region of the Americas,Saint Vincent and the Grenadines,VCT,0.0,0.0,0.0,0.0,,,0.0,1.0,0.0,1.0,0.0,0.0,0.0,0.3333333333333333,0,LOW
2026-06-01,Jun 2026,EUR,European Region,Azerbaijan,AZE,0.0,0.0,,0.0,,,0.0,1.0,,,0.0,0.0,0.0,0.0,0,LOW
2026-06-01,Jun 2026,AMR,Region of the Americas,Panama,PAN,386.0,237.0,2.0,1.0,0.002590673575129534,0.005181347150259068,6.558802513652945e-05,0.01434912140111611,0.0006281022687106957,0.01859056439177631,386.0,759.0,-0.4914361001317523,623.0,1,LOW
2026-06-01,Jun 2026,WPR,Western Pacific Region,Lao People's Democratic Republic,LAO,684.0,,,0.0,0.0,,0.0,0.005378581969074352,,,684.0,267.0,1.5617977528089888,384.6666666666667,4,MEDIUM
2026-06-01,Jun 2026,EUR,European Region,Serbia,SRB,0.0,0.0,,0.0,,,0.0,1.0,,,0.0,0.0,0.0,0.0,0,LOW
2026-06-01,Jun 2026,EUR,European Region,Kyrgyzstan,KGZ,0.0,0.0,,0.0,,,0.0,1.0,,,0.0,0.0,0.0,0.0,0,LOW
2026-06-01,Jun 2026,WPR,Western Pacific Region,Cambodia,KHM,8095.0,,,14.0,0.00172946263125386,,0.0009458257400254534,0.002900043574727109,,,8095.0,2595.0,2.1194605009633913,4347.0,7,HIGH
2026-06-01,Jun 2026,EUR,European Region,Austria,AUT,0.0,0.0,,0.0,,,0.0,1.0,,,0.0,0.0,0.0,0.0,0,LOW
2026-06-01,Jun 2026,AMR,Region of the Americas,Dominican Republic,DOM,98.0,29.0,2.0,0.0,0.0,0.02040816326530612,0.0,0.03694198703519291,0.002481149878733161,0.07178205717010255,98.0,146.0,-0.3287671232876712,114.33333333333333,0,LOW
2026-06-01,Jun 2026,AFR,African Region,Seychelles,SYC,12.0,0.0,,0.0,0.0,,0.0,0.2646484693970511,,,12.0,0.0,12.0,11.333333333333334,3,MEDIUM
2026-06-01,Jun 2026,EUR,European Region,Monaco,MCO,0.0,0.0,,0.0,,,0.0,1.0,,,0.0,0.0,0.0,0.0,0,LOW
2026-06-01,Jun 2026,AFR,African Region,Cameroon,CMR,6.0,0.0,,0.0,0.0,,0.0,0.4592581264399004,,,6.0,0.0,6.0,3.6666666666666665,3,MEDIUM
2026-06-01,Jun 2026,WPR,Western Pacific Region,Australia,AUS,41.0,,,,,,,,,,41.0,50.0,-0.18,52.666666666666664,0,LOW
2026-06-01,Jun 2026,SEAR,South-East Asia Region,Timor-Leste,TLS,84.0,84.0,,0.0,0.0,,0.0,0.04296491962956506,,,84.0,126.0,-0.3333333333333333,137.66666666666666,0,LOW
2026-06-01,Jun 2026,AFR,African Region,Guinea,GIN,0.0,0.0,,0.0,,,0.0,1.0,,,0.0,0.0,0.0,0.0,0,LOW
2026-06-01,Jun 2026,AFR,African Region,Sierra Leone,SLE,0.0,0.0,,0.0,,,0.0,1.0,,,0.0,0.0,0.0,0.0,0,LOW
2026-06-01,Jun 2026,EUR,European Region,Denmark,DNK,0.0,0.0,,0.0,,,0.0,1.0,,,0.0,0.0,0.0,0.0,0,LOW
2026-06-01,Jun 2026,EUR,European Region,Montenegro,MNE,0.0,0.0,,0.0,,,0.0,1.0,,,0.0,0.0,0.0,0.0,0,LOW
2026-06-01,Jun 2026,AMR,Region of the Americas,Canada,CAN,0.0,0.0,0.0,0.0,,,0.0,1.0,0.0,1.0,0.0,0.0,0.0,0.0,0,LOW
2026-06-01,Jun 2026,AFR,African Region,Guinea-Bissau,GNB,0.0,0.0,,0.0,,,0.0,1.0,,,0.0,0.0,0.0,0.0,0,LOW
2026-06-01,Jun 2026,AMR,Region of the Americas,Ecuador,ECU,4426.0,4426.0,43.0,6.0,0.001355625847266155,0.009715318572074107,0.0004976481382210219,0.002948274158566487,0.007039695592110619,0.01306438556752298,4426.0,4297.0,0.030020944845240864,4568.0,2,LOW
2026-06-01,Jun 2026,AFR,African Region,Cabo Verde,CPV,6.0,0.0,,0.0,0.0,,0.0,0.4592581264399004,,,6.0,8.0,-0.25,4.666666666666667,1,LOW
2026-06-01,Jun 2026,AFR,African Region,Senegal,SEN,156.0,0.0,,0.0,0.0,,0.0,0.02336927159138025,,,156.0,116.0,0.3448275862068966,173.0,1,LOW
2026-06-01,Jun 2026,AFR,African Region,Mauritania,MRT,69.0,8.0,,0.0,0.0,,0.0,0.05205805786307971,,,69.0,115.0,-0.4,71.33333333333333,0,LOW
2026-06-01,Jun 2026,EUR,European Region,Belarus,BLR,0.0,0.0,,0.0,,,0.0,1.0,,,0.0,0.0,0.0,0.0,0,LOW
2026-06-01,Jun 2026,EUR,European Region,Bulgaria,BGR,0.0,0.0,,0.0,,,0.0,1.0,,,0.0,0.0,0.0,0.0,0,LOW
2026-06-01,Jun 2026,AFR,African Region,Equatorial Guinea,GNQ,0.0,0.0,,0.0,,,0.0,1.0,,,0.0,0.0,0.0,0.0,0,LOW
2026-06-01,Jun 2026,AFR,African Region,Ghana,GHA,15.0,0.0,,0.0,0.0,,0.0,0.218019360910534,,,15.0,3.0,4.0,6.0,4,MEDIUM
2026-06-01,Jun 2026,AFR,African Region,Liberia,LBR,0.0,0.0,,0.0,,,0.0,1.0,,,0.0,0.0,0.0,0.0,0,LOW
2026-06-01,Jun 2026,AMR,Region of the Americas,Peru,PER,8907.0,4318.0,29.0,6.0,0.0006736274840013472,0.003255866172673178,0.0002472482551795836,0.001465622464113629,0.002181555914590386,0.004672645766350064,8907.0,7917.0,0.12504736642667677,8355.0,4,MEDIUM
2026-06-01,Jun 2026,AMR,Region of the Americas,Barbados,BRB,0.0,0.0,0.0,0.0,,,0.0,1.0,0.0,1.0,0.0,0.0,0.0,0.0,0,LOW
2026-06-01,Jun 2026,AFR,African Region,Burkina Faso,BFA,2804.0,756.0,,2.0,0.0007132667617689016,,8.639158913287725e-05,0.002574165451830434,,,2804.0,2506.0,0.1189146049481245,2855.3333333333335,2,LOW
2026-06-01,Jun 2026,EUR,European Region,San Marino,SMR,0.0,0.0,,0.0,,,0.0,1.0,,,0.0,0.0,0.0,0.0,0,LOW
2026-06-01,Jun 2026,WPR,Western Pacific Region,Singapore,SGP,442.0,,,,,,,,,,442.0,198.0,1.2323232323232323,257.0,4,MEDIUM
2026-06-01,Jun 2026,EUR,European Region,Greece,GRC,0.0,0.0,,0.0,,,0.0,1.0,,,0.0,0.0,0.0,0.0,0,LOW
2026-06-01,Jun 2026,AFR,African Region,Mauritius,MUS,519.0,0.0,,0.0,0.0,,0.0,0.007082467811817428,,,519.0,537.0,-0.0335195530726257,482.0,2,LOW
2026-06-01,Jun 2026,AMR,Region of the Americas,El Salvador,SLV,266.0,5.0,0.0,0.0,0.0,0.0,0.0,0.01377225058511133,0.0,0.01377225058511133,266.0,262.0,0.015267175572519083,318.6666666666667,1,LOW
2026-06-01,Jun 2026,SEAR,South-East Asia Region,Bangladesh,BGD,2907.0,2907.0,,13.0,0.004471964224286206,,0.002383215977539342,0.007635054457936663,,,2907.0,714.0,3.0714285714285716,1420.3333333333333,6,HIGH
2026-06-01,Jun 2026,AFR,African Region,Burundi,BDI,0.0,0.0,,0.0,,,0.0,1.0,,,0.0,0.0,0.0,0.0,0,LOW
2026-06-01,Jun 2026,AFR,African Region,Sao Tome and Principe,STP,26.0,0.0,,0.0,0.0,,0.0,0.1322746044977541,,,26.0,8.0,2.25,11.333333333333334,4,MEDIUM
2026-06-01,Jun 2026,AMR,Region of the Americas,Paraguay,PRY,480.0,17.0,0.0,0.0,0.0,0.0,0.0,0.007655710149586548,0.0,0.007655710149586548,480.0,702.0,-0.3162393162393162,994.0,1,LOW
2026-06-01,Jun 2026,AMR,Region of the Americas,Grenada,GRD,10.0,10.0,0.0,0.0,0.0,0.0,0.0,0.3084971078187608,0.0,0.3084971078187608,10.0,17.0,-0.4117647058823529,14.0,0,LOW
2026-06-01,Jun 2026,EUR,European Region,Latvia,LVA,0.0,0.0,,0.0,,,0.0,1.0,,,0.0,0.0,0.0,0.0,0,LOW
2026-06-01,Jun 2026,AMR,Region of the Americas,Mexico,MEX,5673.0,406.0,12.0,0.0,0.0,0.002115282919090428,0.0,0.0006500406069903823,0.00109346028180853,0.003692055217410143,5673.0,4828.0,0.17502071251035625,5264.0,4,MEDIUM
2026-06-01,Jun 2026,AFR,African Region,Lesotho,LSO,0.0,0.0,,0.0,,,0.0,1.0,,,0.0,0.0,0.0,0.0,0,LOW
2026-06-01,Jun 2026,AFR,African Region,Zimbabwe,ZWE,0.0,0.0,,0.0,,,0.0,1.0,,,0.0,0.0,0.0,0.0,0,LOW
